<Ui xmlns='http://www.blizzard.com/wow/ui/'>
	<Script file='..\Libraries\Core\Ace\LibStub\LibStub.lua'/>
	<Script file='..\Libraries\Core\Ace\CallbackHandler-1.0\CallbackHandler-1.0.lua'/>

	<Include file='..\Libraries\Core\Ace\AceAddon-3.0\AceAddon-3.0.xml'/>
	<Include file='..\Libraries\Core\Ace\AceEvent-3.0\AceEvent-3.0.xml'/>
	<Include file='..\Libraries\Core\Ace\AceConsole-3.0\AceConsole-3.0.xml'/>
	<Include file='..\Libraries\Core\Ace\AceDB-3.0\AceDB-3.0.xml'/>
	<Include file='..\Libraries\Core\Ace\AceLocale-3.0\AceLocale-3.0.xml'/>
	<Include file='..\Libraries\Core\Ace\AceComm-3.0\AceComm-3.0.xml'/>
	<Include file='..\Libraries\Core\Ace\AceSerializer-3.0\AceSerializer-3.0.xml'/>
	<Include file='..\Libraries\Core\Ace\AceTimer-3.0\AceTimer-3.0.xml'/>
	<Include file='..\Libraries\Core\Ace\AceHook-3.0\AceHook-3.0.xml'/>

	<Script file='..\Libraries\Core\LibCompress\LibCompress.lua'/>
	<Script file='..\Libraries\Core\LibBase64-1.0\LibBase64-1.0.lua'/>
	<Script file='..\Libraries\Core\LibSharedMedia-3.0\LibSharedMedia-3.0.lua'/>
	<Include file='..\Libraries\Core\Taintless\Taintless.xml'/>
	<Include file='..\Libraries\Core\UTF8\UTF8.xml'/>

	<Include file='..\Libraries\Core\LibItemSearch-1.2\LibItemSearch-1.2.xml'/>
	<Include file='..\Libraries\Core\LibRangeCheck-2.0\LibRangeCheck-2.0.lua'/>
	<Script file='..\Libraries\Core\LibAceConfigHelper\LibAceConfigHelper.lua'/>
	<Script file='..\Libraries\Core\LibCustomGlow-1.0\LibCustomGlow-1.0.lua'/>
	<Script file='..\Libraries\Core\LibActionButton-1.0\LibActionButton-1.0.lua'/>
	<Script file='..\Libraries\Core\LibDataBroker\LibDataBroker-1.1.lua'/>
	<Script file='..\Libraries\Core\LibDualSpec-1.0\LibDualSpec-1.0.lua'/>
	<Script file='..\Libraries\Core\LibElvUIPlugin-1.0\LibElvUIPlugin-1.0.lua'/>
	<Script file='..\Libraries\Core\LibSimpleSticky\LibSimpleSticky.lua'/>
	<Script file='..\Libraries\Core\LibTranslit-1.0\LibTranslit-1.0.lua'/>
	<Script file='..\Libraries\Core\LibAnim\LibAnim.lua'/>

	<Script file='..\Libraries\Core\LibDispel\LibDispel.lua'/> <!-- keep over oUF -->
	<Include file='..\Libraries\Core\oUF\oUF.xml'/>
	<Include file='..\Libraries\Core\oUF_Plugins\oUF_Plugins.xml'/>
</Ui>
